{"cameraMode":{"drawMode":0,"name":"Shaded","section":"Shading Mode"},"sceneLighting":false,"audioPlay":false,"sceneViewState":{"showFog":true,"showMaterialUpdate":true,"showSkybox":true,"showFlares":true,"showImageEffects":true,"showParticleSystems":true},"in2DMode":false,"pivot":{"x":349.65057373046877,"y":1.9783896207809449,"z":376.2827453613281},"rotation":{"x":-0.06205885112285614,"y":-0.017074888572096826,"z":0.0010547428391873837,"w":-0.997925877571106},"size":9.172479629516602,"orthographic":false}