{"cameraMode":{"drawMode":0,"name":"Shaded","section":"Shading Mode"},"sceneLighting":false,"audioPlay":false,"sceneViewState":{"showFog":true,"showMaterialUpdate":false,"showSkybox":true,"showFlares":true,"showImageEffects":true,"showParticleSystems":true},"in2DMode":false,"pivot":{"x":286.4229736328125,"y":0.5941967964172363,"z":357.311767578125},"rotation":{"x":0.13352595269680024,"y":-0.6901308298110962,"z":0.1322072297334671,"w":0.6989975571632385},"size":87.82888793945313,"orthographic":false}